cve,descrip
"01","El prestador pensó que no era necesario"
"02","Es caro"
"03","Lo rechazaron por no ser derechohabiente"
"04","Le dijeron que el seguro no cubría la enfermedad que tenía"
"05","Le solicitaron un pase de referencia y no lo pudo conseguir"
"06","En el lugar a donde lo(la) enviaron no atendían a las personas que tienen Seguro Popular"
"07","La unidad médica estaba cerrada"
"08","No alcanzó ficha/había mucha gente"
"09","Le dijeron que su problema no era urgente"
"10","Le dijeron que tenía que pagar por la atención y los medicamentos"
"11","En la unidad médica no tenían el equipo necesario para atender su padecimiento"
"12","No había servicio en el horario en que lo necesitaba"
"13","Los trámites eran muy tardados"
"14","El tiempo para pasar a consulta era muy largo"
"15","Otro (especifica)"
"99","No sabe / No recuerda"
