Encuesta Nacional de Salud y Nutrición 2018,
,
cs_act_fis_ado,Actividad física en adolescente y adultos (15 a 69 años)
cs_act_fis_nino,Actividad física en niños (10 a 14 años)
cs_adolescentes,Salud de adolescentes
cs_adultos,Salud de Adultos
cs_ayuda_alimentaria,Programas de ayuda alimentaria
cs_etiquetado_frontal,Etiquetado frontal de alimentos
cs_hogares,Hogares
cs_nino,De 0 a 9 años
cs_residentes,Residentes y características de las personas
cs_seguridad_alimentaria,Seguridad alimentaria
cs_serv_salud,Utilizadores de Servicios de Salud
cs_viviendas,Características de las viviendas
